ebn0,ber,ber_clean,fer_model,slip_p,fer_cxx
12.0,0.0,0.0,0.0,0.0,0.0
10.0,0.10195312499999998,0.01896280317164179,0.275,0.6,0.3375
8.0,0.33318563432835824,nan,0.7875,1.0,0.7625
6.0,0.38627148853944565,nan,0.85,1.0,0.9
5.0,0.4495560700959488,nan,0.9625,1.0,0.9375
4.5,0.4645905517057569,nan,0.9625,1.0,0.95
4.0,0.48219616204690824,nan,0.9875,1.0,0.9625
3.5,0.46272404717484006,nan,0.9875,1.0,0.9625
