ebn0,ber,ber_clean,fer_model,slip_p,fer_cxx
12.0,1.0,nan,0.0,0.0,0.0
10.0,1.0,nan,0.0,0.0,0.3375
8.0,1.0,nan,0.0,0.0,0.7625
6.0,1.0,nan,0.0,0.0,0.9
5.0,1.0,nan,0.025000000000000022,0.1,0.9375
4.5,1.0,nan,0.26249999999999996,0.3,0.95
4.0,1.0,nan,0.38749999999999996,0.4,0.9625
3.5,1.0,nan,0.7625,0.7,0.9625
