ebn0,ber,ber_clean,fer_model,slip_p,fer_cxx
12.0,1.0,nan,0.07499999999999996,0.0,0.0
10.0,1.0,nan,0.050000000000000044,0.0,0.3375
8.0,1.0,nan,0.0625,0.0,0.7625
6.0,1.0,nan,0.0625,0.0,0.9
5.0,1.0,nan,0.1875,0.2,0.9375
4.5,1.0,nan,0.30000000000000004,0.3,0.95
4.0,1.0,nan,0.4,0.3,0.9625
3.5,1.0,nan,0.6875,0.6,0.9625
